Id,IsDeleted,MasterRecordId,Name,Type,ParentId,BillingStreet,BillingCity,BillingState,BillingPostalCode,BillingCountry,BillingLatitude,BillingLongitude,BillingGeocodeAccuracy,BillingAddress,ShippingStreet,ShippingCity,ShippingState,ShippingPostalCode,ShippingCountry,ShippingLatitude,ShippingLongitude,ShippingGeocodeAccuracy,ShippingAddress,Phone,Fax,AccountNumber,Website,PhotoUrl,Sic,Industry,AnnualRevenue,NumberOfEmployees,Ownership,TickerSymbol,Description,Rating,Site,OwnerId,CreatedDate,CreatedById,LastModifiedDate,LastModifiedById,SystemModstamp,LastActivityDate,LastViewedDate,LastReferencedDate,Jigsaw,JigsawCompanyId,CleanStatus,AccountSource,DunsNumber,Tradestyle,NaicsCode,NaicsDesc,YearStarted,SicDesc,DandbCompanyId,OperatingHoursId
0015500000jf4RnAAI,,,Augustus Followell,Customer,,551 Oakdale Rd,Jamestown,NC,27282,USA,,,,"{""city"":""Jamestown"",""country"":""USA"",""geocodeAccuracy"":null,""latitude"":null,""longitude"":null,""postalCode"":""27282"",""state"":""NC"",""street"":""551 Oakdale Rd""}",551 Oakdale Rd,Jamestown,NC,27282,USA,,,,"{""city"":""Jamestown"",""country"":""USA"",""geocodeAccuracy"":null,""latitude"":null,""longitude"":null,""postalCode"":""27282"",""state"":""NC"",""street"":""551 Oakdale Rd""}",(555) 239-6297,,,,/services/images/photo/0015500000jf4RnAAI,,,,,,,,,,00555000004kgDgAAI,2020-04-10T23:58:02.000+0000,00555000004kgDgAAI,2020-04-10T23:58:02.000+0000,00555000004kgDgAAI,2020-04-10T23:58:02.000+0000,,2020-04-10T23:58:02.000+0000,2020-04-10T23:58:02.000+0000,,,Pending,,,,,,,,,
0015500000jf4cHAAQ,,,Simonne Bault,Customer,,6 Morningview Cir,Lake Oswego,OR,97035,USA,,,,"{""city"":""Lake Oswego"",""country"":""USA"",""geocodeAccuracy"":null,""latitude"":null,""longitude"":null,""postalCode"":""97035"",""state"":""OR"",""street"":""6 Morningview Cir""}",6 Morningview Cir,Lake Oswego,OR,97035,USA,,,,"{""city"":""Lake Oswego"",""country"":""USA"",""geocodeAccuracy"":null,""latitude"":null,""longitude"":null,""postalCode"":""97035"",""state"":""OR"",""street"":""6 Morningview Cir""}",(555) 492-5872,,,,/services/images/photo/0015500000jf4cHAAQ,,,,,,,,,,00555000004kgDgAAI,2020-04-11T00:17:13.000+0000,00555000004kgDgAAI,2020-04-11T00:17:13.000+0000,00555000004kgDgAAI,2020-04-11T00:17:13.000+0000,,2020-04-11T00:17:13.000+0000,2020-04-11T00:17:13.000+0000,,,Pending,,,,,,,,,
0015500000jf4cIAAQ,,,Cami Knife,Customer,,87 Arizona 87,Coolidge,AZ,85128,USA,,,,"{""city"":""Coolidge"",""country"":""USA"",""geocodeAccuracy"":null,""latitude"":null,""longitude"":null,""postalCode"":""85128"",""state"":""AZ"",""street"":""87 Arizona 87""}",87 Arizona 87,Coolidge,AZ,85128,USA,,,,"{""city"":""Coolidge"",""country"":""USA"",""geocodeAccuracy"":null,""latitude"":null,""longitude"":null,""postalCode"":""85128"",""state"":""AZ"",""street"":""87 Arizona 87""}",(555) 941-1548,,,,/services/images/photo/0015500000jf4cIAAQ,,,,,,,,,,00555000004kgDgAAI,2020-04-11T00:17:13.000+0000,00555000004kgDgAAI,2020-04-11T00:17:13.000+0000,00555000004kgDgAAI,2020-04-11T00:17:13.000+0000,,2020-04-11T00:17:13.000+0000,2020-04-11T00:17:13.000+0000,,,Pending,,,,,,,,,
0015500000jf4cJAAQ,,,Chantelle Gansburg,Customer,,111 Monument Circle,Indianapolis,IN,46204,USA,,,,"{""city"":""Indianapolis"",""country"":""USA"",""geocodeAccuracy"":null,""latitude"":null,""longitude"":null,""postalCode"":""46204"",""state"":""IN"",""street"":""111 Monument Circle""}",111 Monument Circle,Indianapolis,IN,46204,USA,,,,"{""city"":""Indianapolis"",""country"":""USA"",""geocodeAccuracy"":null,""latitude"":null,""longitude"":null,""postalCode"":""46204"",""state"":""IN"",""street"":""111 Monument Circle""}",(555) 674-6260,,,,/services/images/photo/0015500000jf4cJAAQ,,,,,,,,,,00555000004kgDgAAI,2020-04-11T00:17:13.000+0000,00555000004kgDgAAI,2020-04-11T00:17:13.000+0000,00555000004kgDgAAI,2020-04-11T00:17:13.000+0000,,2020-04-11T00:17:13.000+0000,2020-04-11T00:17:13.000+0000,,,Pending,,,,,,,,,
0015500000jf4cKAAQ,,,Ruthanne Karlgaard,Customer,,541 SW Georgetown Way,Beaverton,OR,97006,USA,,,,"{""city"":""Beaverton"",""country"":""USA"",""geocodeAccuracy"":null,""latitude"":null,""longitude"":null,""postalCode"":""97006"",""state"":""OR"",""street"":""541 SW Georgetown Way""}",541 SW Georgetown Way,Beaverton,OR,97006,USA,,,,"{""city"":""Beaverton"",""country"":""USA"",""geocodeAccuracy"":null,""latitude"":null,""longitude"":null,""postalCode"":""97006"",""state"":""OR"",""street"":""541 SW Georgetown Way""}",(555) 375-1337,,,,/services/images/photo/0015500000jf4cKAAQ,,,,,,,,,,00555000004kgDgAAI,2020-04-11T00:17:13.000+0000,00555000004kgDgAAI,2020-04-11T00:17:13.000+0000,00555000004kgDgAAI,2020-04-11T00:17:13.000+0000,,2020-04-11T00:17:14.000+0000,2020-04-11T00:17:14.000+0000,,,Pending,,,,,,,,,
0015500000jf4cLAAQ,,,Rico Tani,Customer,,2012 Northern Plains Dr,Bismarck,ND,58504,USA,,,,"{""city"":""Bismarck"",""country"":""USA"",""geocodeAccuracy"":null,""latitude"":null,""longitude"":null,""postalCode"":""58504"",""state"":""ND"",""street"":""2012 Northern Plains Dr""}",2012 Northern Plains Dr,Bismarck,ND,58504,USA,,,,"{""city"":""Bismarck"",""country"":""USA"",""geocodeAccuracy"":null,""latitude"":null,""longitude"":null,""postalCode"":""58504"",""state"":""ND"",""street"":""2012 Northern Plains Dr""}",(555) 639-5845,,,,/services/images/photo/0015500000jf4cLAAQ,,,,,,,,,,00555000004kgDgAAI,2020-04-11T00:17:13.000+0000,00555000004kgDgAAI,2020-04-11T00:17:13.000+0000,00555000004kgDgAAI,2020-04-11T00:17:13.000+0000,,2020-04-11T00:17:14.000+0000,2020-04-11T00:17:14.000+0000,,,Pending,,,,,,,,,
0015500000jf4cMAAQ,,,Sierra Vazzana,Customer,,206 De Korra Ln,Wisconsin Dells,WI,53965,USA,,,,"{""city"":""Wisconsin Dells"",""country"":""USA"",""geocodeAccuracy"":null,""latitude"":null,""longitude"":null,""postalCode"":""53965"",""state"":""WI"",""street"":""206 De Korra Ln""}",206 De Korra Ln,Wisconsin Dells,WI,53965,USA,,,,"{""city"":""Wisconsin Dells"",""country"":""USA"",""geocodeAccuracy"":null,""latitude"":null,""longitude"":null,""postalCode"":""53965"",""state"":""WI"",""street"":""206 De Korra Ln""}",(555) 439-2748,,,,/services/images/photo/0015500000jf4cMAAQ,,,,,,,,,,00555000004kgDgAAI,2020-04-11T00:17:13.000+0000,00555000004kgDgAAI,2020-04-11T00:17:13.000+0000,00555000004kgDgAAI,2020-04-11T00:17:13.000+0000,,2020-04-11T00:17:14.000+0000,2020-04-11T00:17:14.000+0000,,,Pending,,,,,,,,,
0015500000jf4cNAAQ,,,Francesca Thaemert,Customer,,400 Grant Ave,Duquesne,PA,15110,USA,,,,"{""city"":""Duquesne"",""country"":""USA"",""geocodeAccuracy"":null,""latitude"":null,""longitude"":null,""postalCode"":""15110"",""state"":""PA"",""street"":""400 Grant Ave""}",400 Grant Ave,Duquesne,PA,15110,USA,,,,"{""city"":""Duquesne"",""country"":""USA"",""geocodeAccuracy"":null,""latitude"":null,""longitude"":null,""postalCode"":""15110"",""state"":""PA"",""street"":""400 Grant Ave""}",(555) 655-9643,,,,/services/images/photo/0015500000jf4cNAAQ,,,,,,,,,,00555000004kgDgAAI,2020-04-11T00:17:13.000+0000,00555000004kgDgAAI,2020-04-11T00:17:13.000+0000,00555000004kgDgAAI,2020-04-11T00:17:13.000+0000,,2020-04-11T00:17:14.000+0000,2020-04-11T00:17:14.000+0000,,,Pending,,,,,,,,,
0015500000jf4cOAAQ,,,Janeen Kildare,Customer,,2084 Waelchi Road,Denton,MT,59430,USA,,,,"{""city"":""Denton"",""country"":""USA"",""geocodeAccuracy"":null,""latitude"":null,""longitude"":null,""postalCode"":""59430"",""state"":""MT"",""street"":""2084 Waelchi Road""}",2084 Waelchi Road,Denton,MT,59430,USA,,,,"{""city"":""Denton"",""country"":""USA"",""geocodeAccuracy"":null,""latitude"":null,""longitude"":null,""postalCode"":""59430"",""state"":""MT"",""street"":""2084 Waelchi Road""}",(555) 678-2216,,,,/services/images/photo/0015500000jf4cOAAQ,,,,,,,,,,00555000004kgDgAAI,2020-04-11T00:17:13.000+0000,00555000004kgDgAAI,2020-04-11T00:17:13.000+0000,00555000004kgDgAAI,2020-04-11T00:17:13.000+0000,,2020-04-11T00:17:14.000+0000,2020-04-11T00:17:14.000+0000,,,Pending,,,,,,,,,
0015500000jf4cPAAQ,,,Arden Tobiason,Customer,,3604 84th St E,Tacoma,WA,98446,USA,,,,"{""city"":""Tacoma"",""country"":""USA"",""geocodeAccuracy"":null,""latitude"":null,""longitude"":null,""postalCode"":""98446"",""state"":""WA"",""street"":""3604 84th St E""}",3604 84th St E,Tacoma,WA,98446,USA,,,,"{""city"":""Tacoma"",""country"":""USA"",""geocodeAccuracy"":null,""latitude"":null,""longitude"":null,""postalCode"":""98446"",""state"":""WA"",""street"":""3604 84th St E""}",(555) 958-3281,,,,/services/images/photo/0015500000jf4cPAAQ,,,,,,,,,,00555000004kgDgAAI,2020-04-11T00:17:13.000+0000,00555000004kgDgAAI,2020-04-11T00:17:13.000+0000,00555000004kgDgAAI,2020-04-11T00:17:13.000+0000,,2020-04-11T00:17:14.000+0000,2020-04-11T00:17:14.000+0000,,,Pending,,,,,,,,,
0015500000jf4cQAAQ,,,Ardis Ianniello,Customer,,1541 E 4th St,Casper,WY,82601,USA,,,,"{""city"":""Casper"",""country"":""USA"",""geocodeAccuracy"":null,""latitude"":null,""longitude"":null,""postalCode"":""82601"",""state"":""WY"",""street"":""1541 E 4th St""}",1541 E 4th St,Casper,WY,82601,USA,,,,"{""city"":""Casper"",""country"":""USA"",""geocodeAccuracy"":null,""latitude"":null,""longitude"":null,""postalCode"":""82601"",""state"":""WY"",""street"":""1541 E 4th St""}",(555) 748-9376,,,,/services/images/photo/0015500000jf4cQAAQ,,,,,,,,,,00555000004kgDgAAI,2020-04-11T00:17:13.000+0000,00555000004kgDgAAI,2020-04-11T00:17:13.000+0000,00555000004kgDgAAI,2020-04-11T00:17:13.000+0000,,2020-04-11T00:17:14.000+0000,2020-04-11T00:17:14.000+0000,,,Pending,,,,,,,,,
0015500000jf4cRAAQ,,,Milagro Brault,Customer,,620 N Westmoreland Rd,DeSoto,TX,75115,USA,,,,"{""city"":""DeSoto"",""country"":""USA"",""geocodeAccuracy"":null,""latitude"":null,""longitude"":null,""postalCode"":""75115"",""state"":""TX"",""street"":""620 N Westmoreland Rd""}",620 N Westmoreland Rd,DeSoto,TX,75115,USA,,,,"{""city"":""DeSoto"",""country"":""USA"",""geocodeAccuracy"":null,""latitude"":null,""longitude"":null,""postalCode"":""75115"",""state"":""TX"",""street"":""620 N Westmoreland Rd""}",(555) 886-8383,,,,/services/images/photo/0015500000jf4cRAAQ,,,,,,,,,,00555000004kgDgAAI,2020-04-11T00:17:13.000+0000,00555000004kgDgAAI,2020-04-11T00:17:13.000+0000,00555000004kgDgAAI,2020-04-11T00:17:13.000+0000,,2020-04-11T00:17:14.000+0000,2020-04-11T00:17:14.000+0000,,,Pending,,,,,,,,,
0015500000jf4cSAAQ,,,Katheryn Demman,Customer,,174 Unnamed Road,Youngstown,FL,32466,USA,,,,"{""city"":""Youngstown"",""country"":""USA"",""geocodeAccuracy"":null,""latitude"":null,""longitude"":null,""postalCode"":""32466"",""state"":""FL"",""street"":""174 Unnamed Road""}",174 Unnamed Road,Youngstown,FL,32466,USA,,,,"{""city"":""Youngstown"",""country"":""USA"",""geocodeAccuracy"":null,""latitude"":null,""longitude"":null,""postalCode"":""32466"",""state"":""FL"",""street"":""174 Unnamed Road""}",(555) 491-6370,,,,/services/images/photo/0015500000jf4cSAAQ,,,,,,,,,,00555000004kgDgAAI,2020-04-11T00:17:13.000+0000,00555000004kgDgAAI,2020-04-11T00:17:13.000+0000,00555000004kgDgAAI,2020-04-11T00:17:13.000+0000,,2020-04-11T00:17:14.000+0000,2020-04-11T00:17:14.000+0000,,,Pending,,,,,,,,,
0015500000jf4cTAAQ,,,Antoinette Brame,Customer,,3392 North Huron Road,Tawas City,MI,48763,USA,,,,"{""city"":""Tawas City"",""country"":""USA"",""geocodeAccuracy"":null,""latitude"":null,""longitude"":null,""postalCode"":""48763"",""state"":""MI"",""street"":""3392 North Huron Road""}",3392 North Huron Road,Tawas City,MI,48763,USA,,,,"{""city"":""Tawas City"",""country"":""USA"",""geocodeAccuracy"":null,""latitude"":null,""longitude"":null,""postalCode"":""48763"",""state"":""MI"",""street"":""3392 North Huron Road""}",(555) 768-2069,,,,/services/images/photo/0015500000jf4cTAAQ,,,,,,,,,,00555000004kgDgAAI,2020-04-11T00:17:13.000+0000,00555000004kgDgAAI,2020-04-11T00:17:13.000+0000,00555000004kgDgAAI,2020-04-11T00:17:13.000+0000,,2020-04-11T00:17:14.000+0000,2020-04-11T00:17:14.000+0000,,,Pending,,,,,,,,,
0015500000jf4cUAAQ,,,Ashlyn Anerton,Customer,,145 County Road 88,Guffey,CO,80820,USA,,,,"{""city"":""Guffey"",""country"":""USA"",""geocodeAccuracy"":null,""latitude"":null,""longitude"":null,""postalCode"":""80820"",""state"":""CO"",""street"":""145 County Road 88""}",145 County Road 88,Guffey,CO,80820,USA,,,,"{""city"":""Guffey"",""country"":""USA"",""geocodeAccuracy"":null,""latitude"":null,""longitude"":null,""postalCode"":""80820"",""state"":""CO"",""street"":""145 County Road 88""}",(555) 214-8899,,,,/services/images/photo/0015500000jf4cUAAQ,,,,,,,,,,00555000004kgDgAAI,2020-04-11T00:17:13.000+0000,00555000004kgDgAAI,2020-04-11T00:17:13.000+0000,00555000004kgDgAAI,2020-04-11T00:17:13.000+0000,,2020-04-11T00:17:14.000+0000,2020-04-11T00:17:14.000+0000,,,Pending,,,,,,,,,
0015500000jf4cVAAQ,,,Willow Finkle,Customer,,3392 North Huron Road,Tawas City,MI,48763,USA,,,,"{""city"":""Tawas City"",""country"":""USA"",""geocodeAccuracy"":null,""latitude"":null,""longitude"":null,""postalCode"":""48763"",""state"":""MI"",""street"":""3392 North Huron Road""}",3392 North Huron Road,Tawas City,MI,48763,USA,,,,"{""city"":""Tawas City"",""country"":""USA"",""geocodeAccuracy"":null,""latitude"":null,""longitude"":null,""postalCode"":""48763"",""state"":""MI"",""street"":""3392 North Huron Road""}",(555) 735-1884,,,,/services/images/photo/0015500000jf4cVAAQ,,,,,,,,,,00555000004kgDgAAI,2020-04-11T00:17:13.000+0000,00555000004kgDgAAI,2020-04-11T00:17:13.000+0000,00555000004kgDgAAI,2020-04-11T00:17:13.000+0000,,2020-04-11T00:17:14.000+0000,2020-04-11T00:17:14.000+0000,,,Pending,,,,,,,,,
0015500000jf4cWAAQ,,,Waylon Lamark,Customer,,30208 Lookout Road,Paola,KS,66071,USA,,,,"{""city"":""Paola"",""country"":""USA"",""geocodeAccuracy"":null,""latitude"":null,""longitude"":null,""postalCode"":""66071"",""state"":""KS"",""street"":""30208 Lookout Road""}",30208 Lookout Road,Paola,KS,66071,USA,,,,"{""city"":""Paola"",""country"":""USA"",""geocodeAccuracy"":null,""latitude"":null,""longitude"":null,""postalCode"":""66071"",""state"":""KS"",""street"":""30208 Lookout Road""}",(555) 274-7020,,,,/services/images/photo/0015500000jf4cWAAQ,,,,,,,,,,00555000004kgDgAAI,2020-04-11T00:17:13.000+0000,00555000004kgDgAAI,2020-04-11T00:17:13.000+0000,00555000004kgDgAAI,2020-04-11T00:17:13.000+0000,,2020-04-11T00:17:14.000+0000,2020-04-11T00:17:14.000+0000,,,Pending,,,,,,,,,
0015500000jf4cXAAQ,,,Yan Vicsik,Customer,,12825 East Mirabeau Parkway,Spokane,WA,99216,USA,,,,"{""city"":""Spokane"",""country"":""USA"",""geocodeAccuracy"":null,""latitude"":null,""longitude"":null,""postalCode"":""99216"",""state"":""WA"",""street"":""12825 East Mirabeau Parkway""}",12825 East Mirabeau Parkway,Spokane,WA,99216,USA,,,,"{""city"":""Spokane"",""country"":""USA"",""geocodeAccuracy"":null,""latitude"":null,""longitude"":null,""postalCode"":""99216"",""state"":""WA"",""street"":""12825 East Mirabeau Parkway""}",(555) 876-2628,,,,/services/images/photo/0015500000jf4cXAAQ,,,,,,,,,,00555000004kgDgAAI,2020-04-11T00:17:13.000+0000,00555000004kgDgAAI,2020-04-11T00:17:13.000+0000,00555000004kgDgAAI,2020-04-11T00:17:13.000+0000,,2020-04-11T00:17:14.000+0000,2020-04-11T00:17:14.000+0000,,,Pending,,,,,,,,,
0015500000jf4cYAAQ,,,Caridad Webley,Customer,,10105 Propps St NE,Albuquerque,NM,87112,USA,,,,"{""city"":""Albuquerque"",""country"":""USA"",""geocodeAccuracy"":null,""latitude"":null,""longitude"":null,""postalCode"":""87112"",""state"":""NM"",""street"":""10105 Propps St NE""}",10105 Propps St NE,Albuquerque,NM,87112,USA,,,,"{""city"":""Albuquerque"",""country"":""USA"",""geocodeAccuracy"":null,""latitude"":null,""longitude"":null,""postalCode"":""87112"",""state"":""NM"",""street"":""10105 Propps St NE""}",(555) 240-6083,,,,/services/images/photo/0015500000jf4cYAAQ,,,,,,,,,,00555000004kgDgAAI,2020-04-11T00:17:13.000+0000,00555000004kgDgAAI,2020-04-11T00:17:13.000+0000,00555000004kgDgAAI,2020-04-11T00:17:13.000+0000,,2020-04-11T00:17:14.000+0000,2020-04-11T00:17:14.000+0000,,,Pending,,,,,,,,,
0015500000jf4cZAAQ,,,Travis Gelbowitz,Customer,,2550 Wasser Terrace,Herndon,VA,20171,USA,,,,"{""city"":""Herndon"",""country"":""USA"",""geocodeAccuracy"":null,""latitude"":null,""longitude"":null,""postalCode"":""20171"",""state"":""VA"",""street"":""2550 Wasser Terrace""}",2550 Wasser Terrace,Herndon,VA,20171,USA,,,,"{""city"":""Herndon"",""country"":""USA"",""geocodeAccuracy"":null,""latitude"":null,""longitude"":null,""postalCode"":""20171"",""state"":""VA"",""street"":""2550 Wasser Terrace""}",(555) 563-1534,,,,/services/images/photo/0015500000jf4cZAAQ,,,,,,,,,,00555000004kgDgAAI,2020-04-11T00:17:13.000+0000,00555000004kgDgAAI,2020-04-11T00:17:13.000+0000,00555000004kgDgAAI,2020-04-11T00:17:13.000+0000,,2020-04-11T00:17:14.000+0000,2020-04-11T00:17:14.000+0000,,,Pending,,,,,,,,,
0015500000jf4caAAA,,,Terrence Rochat,Customer,,10105 Propps St NE,Albuquerque,NM,87112,USA,,,,"{""city"":""Albuquerque"",""country"":""USA"",""geocodeAccuracy"":null,""latitude"":null,""longitude"":null,""postalCode"":""87112"",""state"":""NM"",""street"":""10105 Propps St NE""}",10105 Propps St NE,Albuquerque,NM,87112,USA,,,,"{""city"":""Albuquerque"",""country"":""USA"",""geocodeAccuracy"":null,""latitude"":null,""longitude"":null,""postalCode"":""87112"",""state"":""NM"",""street"":""10105 Propps St NE""}",(555) 652-7952,,,,/services/images/photo/0015500000jf4caAAA,,,,,,,,,,00555000004kgDgAAI,2020-04-11T00:17:13.000+0000,00555000004kgDgAAI,2020-04-11T00:17:13.000+0000,00555000004kgDgAAI,2020-04-11T00:17:13.000+0000,,2020-04-11T00:17:14.000+0000,2020-04-11T00:17:14.000+0000,,,Pending,,,,,,,,,
0015500000jf4cbAAA,,,Hiram Magallan,Customer,,145 County Road 88,Guffey,CO,80820,USA,,,,"{""city"":""Guffey"",""country"":""USA"",""geocodeAccuracy"":null,""latitude"":null,""longitude"":null,""postalCode"":""80820"",""state"":""CO"",""street"":""145 County Road 88""}",145 County Road 88,Guffey,CO,80820,USA,,,,"{""city"":""Guffey"",""country"":""USA"",""geocodeAccuracy"":null,""latitude"":null,""longitude"":null,""postalCode"":""80820"",""state"":""CO"",""street"":""145 County Road 88""}",(555) 522-6218,,,,/services/images/photo/0015500000jf4cbAAA,,,,,,,,,,00555000004kgDgAAI,2020-04-11T00:17:13.000+0000,00555000004kgDgAAI,2020-04-11T00:17:13.000+0000,00555000004kgDgAAI,2020-04-11T00:17:13.000+0000,,2020-04-11T00:17:14.000+0000,2020-04-11T00:17:14.000+0000,,,Pending,,,,,,,,,
0015500000jf4ccAAA,,,Arletta Butsch,Customer,,10 Bay Street,Toronto,ON,M5J 2R8,Canada,,,,"{""city"":""Toronto"",""country"":""Canada"",""geocodeAccuracy"":null,""latitude"":null,""longitude"":null,""postalCode"":""M5J 2R8"",""state"":""ON"",""street"":""10 Bay Street""}",10 Bay Street,Toronto,ON,M5J 2R8,Canada,,,,"{""city"":""Toronto"",""country"":""Canada"",""geocodeAccuracy"":null,""latitude"":null,""longitude"":null,""postalCode"":""M5J 2R8"",""state"":""ON"",""street"":""10 Bay Street""}",(555) 662-7237,,,,/services/images/photo/0015500000jf4ccAAA,,,,,,,,,,00555000004kgDgAAI,2020-04-11T00:17:13.000+0000,00555000004kgDgAAI,2020-04-11T00:17:13.000+0000,00555000004kgDgAAI,2020-04-11T00:17:13.000+0000,,2020-04-11T00:17:14.000+0000,2020-04-11T00:17:14.000+0000,,,Pending,,,,,,,,,
0015500000jf4cdAAA,,,Gudrun Ventry,Customer,,2012 Northern Plains Dr,Bismarck,ND,58504,USA,,,,"{""city"":""Bismarck"",""country"":""USA"",""geocodeAccuracy"":null,""latitude"":null,""longitude"":null,""postalCode"":""58504"",""state"":""ND"",""street"":""2012 Northern Plains Dr""}",2012 Northern Plains Dr,Bismarck,ND,58504,USA,,,,"{""city"":""Bismarck"",""country"":""USA"",""geocodeAccuracy"":null,""latitude"":null,""longitude"":null,""postalCode"":""58504"",""state"":""ND"",""street"":""2012 Northern Plains Dr""}",(555) 148-3651,,,,/services/images/photo/0015500000jf4cdAAA,,,,,,,,,,00555000004kgDgAAI,2020-04-11T00:17:13.000+0000,00555000004kgDgAAI,2020-04-11T00:17:13.000+0000,00555000004kgDgAAI,2020-04-11T00:17:13.000+0000,,2020-04-11T00:17:14.000+0000,2020-04-11T00:17:14.000+0000,,,Pending,,,,,,,,,
0015500000jf4ceAAA,,,Winona Byford,Customer,,541 SW Georgetown Way,Beaverton,OR,97006,USA,,,,"{""city"":""Beaverton"",""country"":""USA"",""geocodeAccuracy"":null,""latitude"":null,""longitude"":null,""postalCode"":""97006"",""state"":""OR"",""street"":""541 SW Georgetown Way""}",541 SW Georgetown Way,Beaverton,OR,97006,USA,,,,"{""city"":""Beaverton"",""country"":""USA"",""geocodeAccuracy"":null,""latitude"":null,""longitude"":null,""postalCode"":""97006"",""state"":""OR"",""street"":""541 SW Georgetown Way""}",(555) 350-2046,,,,/services/images/photo/0015500000jf4ceAAA,,,,,,,,,,00555000004kgDgAAI,2020-04-11T00:17:13.000+0000,00555000004kgDgAAI,2020-04-11T00:17:13.000+0000,00555000004kgDgAAI,2020-04-11T00:17:13.000+0000,,2020-04-11T00:17:14.000+0000,2020-04-11T00:17:14.000+0000,,,Pending,,,,,,,,,
0015500000jf4cfAAA,,,Becki Roussell,Customer,,84 Ocean Drive,Forest Home,AL,36030,USA,,,,"{""city"":""Forest Home"",""country"":""USA"",""geocodeAccuracy"":null,""latitude"":null,""longitude"":null,""postalCode"":""36030"",""state"":""AL"",""street"":""84 Ocean Drive""}",84 Ocean Drive,Forest Home,AL,36030,USA,,,,"{""city"":""Forest Home"",""country"":""USA"",""geocodeAccuracy"":null,""latitude"":null,""longitude"":null,""postalCode"":""36030"",""state"":""AL"",""street"":""84 Ocean Drive""}",(555) 857-5658,,,,/services/images/photo/0015500000jf4cfAAA,,,,,,,,,,00555000004kgDgAAI,2020-04-11T00:17:13.000+0000,00555000004kgDgAAI,2020-04-11T00:17:13.000+0000,00555000004kgDgAAI,2020-04-11T00:17:13.000+0000,,2020-04-11T00:17:14.000+0000,2020-04-11T00:17:14.000+0000,,,Pending,,,,,,,,,
0015500000jf4cgAAA,,,Shanel Chea,Customer,,30208 Lookout Road,Paola,KS,66071,USA,,,,"{""city"":""Paola"",""country"":""USA"",""geocodeAccuracy"":null,""latitude"":null,""longitude"":null,""postalCode"":""66071"",""state"":""KS"",""street"":""30208 Lookout Road""}",30208 Lookout Road,Paola,KS,66071,USA,,,,"{""city"":""Paola"",""country"":""USA"",""geocodeAccuracy"":null,""latitude"":null,""longitude"":null,""postalCode"":""66071"",""state"":""KS"",""street"":""30208 Lookout Road""}",(555) 226-3715,,,,/services/images/photo/0015500000jf4cgAAA,,,,,,,,,,00555000004kgDgAAI,2020-04-11T00:17:13.000+0000,00555000004kgDgAAI,2020-04-11T00:17:13.000+0000,00555000004kgDgAAI,2020-04-11T00:17:13.000+0000,,2020-04-11T00:17:14.000+0000,2020-04-11T00:17:14.000+0000,,,Pending,,,,,,,,,
0015500000jf4chAAA,,,Dorothy Fricker,Customer,,145 County Road 88,Guffey,CO,80820,USA,,,,"{""city"":""Guffey"",""country"":""USA"",""geocodeAccuracy"":null,""latitude"":null,""longitude"":null,""postalCode"":""80820"",""state"":""CO"",""street"":""145 County Road 88""}",145 County Road 88,Guffey,CO,80820,USA,,,,"{""city"":""Guffey"",""country"":""USA"",""geocodeAccuracy"":null,""latitude"":null,""longitude"":null,""postalCode"":""80820"",""state"":""CO"",""street"":""145 County Road 88""}",(555) 115-6555,,,,/services/images/photo/0015500000jf4chAAA,,,,,,,,,,00555000004kgDgAAI,2020-04-11T00:17:13.000+0000,00555000004kgDgAAI,2020-04-11T00:17:13.000+0000,00555000004kgDgAAI,2020-04-11T00:17:13.000+0000,,2020-04-11T00:17:14.000+0000,2020-04-11T00:17:14.000+0000,,,Pending,,,,,,,,,
0015500000jf4ciAAA,,,Vicky Sukup,Customer,,3604 84th St E,Tacoma,WA,98446,USA,,,,"{""city"":""Tacoma"",""country"":""USA"",""geocodeAccuracy"":null,""latitude"":null,""longitude"":null,""postalCode"":""98446"",""state"":""WA"",""street"":""3604 84th St E""}",3604 84th St E,Tacoma,WA,98446,USA,,,,"{""city"":""Tacoma"",""country"":""USA"",""geocodeAccuracy"":null,""latitude"":null,""longitude"":null,""postalCode"":""98446"",""state"":""WA"",""street"":""3604 84th St E""}",(555) 128-6524,,,,/services/images/photo/0015500000jf4ciAAA,,,,,,,,,,00555000004kgDgAAI,2020-04-11T00:17:13.000+0000,00555000004kgDgAAI,2020-04-11T00:17:13.000+0000,00555000004kgDgAAI,2020-04-11T00:17:13.000+0000,,2020-04-11T00:17:14.000+0000,2020-04-11T00:17:14.000+0000,,,Pending,,,,,,,,,
0015500000jf4cjAAA,,,Cheri Berringer,Customer,,7926 Droege Road,Decatur,IN,46733,USA,,,,"{""city"":""Decatur"",""country"":""USA"",""geocodeAccuracy"":null,""latitude"":null,""longitude"":null,""postalCode"":""46733"",""state"":""IN"",""street"":""7926 Droege Road""}",7926 Droege Road,Decatur,IN,46733,USA,,,,"{""city"":""Decatur"",""country"":""USA"",""geocodeAccuracy"":null,""latitude"":null,""longitude"":null,""postalCode"":""46733"",""state"":""IN"",""street"":""7926 Droege Road""}",(555) 403-6619,,,,/services/images/photo/0015500000jf4cjAAA,,,,,,,,,,00555000004kgDgAAI,2020-04-11T00:17:13.000+0000,00555000004kgDgAAI,2020-04-11T00:17:13.000+0000,00555000004kgDgAAI,2020-04-11T00:17:13.000+0000,,2020-04-11T00:17:14.000+0000,2020-04-11T00:17:14.000+0000,,,Pending,,,,,,,,,
0015500000jf4ckAAA,,,Monte Pegelow,Customer,,145 County Road 88,Guffey,CO,80820,USA,,,,"{""city"":""Guffey"",""country"":""USA"",""geocodeAccuracy"":null,""latitude"":null,""longitude"":null,""postalCode"":""80820"",""state"":""CO"",""street"":""145 County Road 88""}",145 County Road 88,Guffey,CO,80820,USA,,,,"{""city"":""Guffey"",""country"":""USA"",""geocodeAccuracy"":null,""latitude"":null,""longitude"":null,""postalCode"":""80820"",""state"":""CO"",""street"":""145 County Road 88""}",(555) 558-5606,,,,/services/images/photo/0015500000jf4ckAAA,,,,,,,,,,00555000004kgDgAAI,2020-04-11T00:17:13.000+0000,00555000004kgDgAAI,2020-04-11T00:17:13.000+0000,00555000004kgDgAAI,2020-04-11T00:17:13.000+0000,,2020-04-11T00:17:14.000+0000,2020-04-11T00:17:14.000+0000,,,Pending,,,,,,,,,
0015500000jf4clAAA,,,Melita Ogeen,Customer,,929 108th Ave NE,Bellevue,WA,98004,USA,,,,"{""city"":""Bellevue"",""country"":""USA"",""geocodeAccuracy"":null,""latitude"":null,""longitude"":null,""postalCode"":""98004"",""state"":""WA"",""street"":""929 108th Ave NE""}",929 108th Ave NE,Bellevue,WA,98004,USA,,,,"{""city"":""Bellevue"",""country"":""USA"",""geocodeAccuracy"":null,""latitude"":null,""longitude"":null,""postalCode"":""98004"",""state"":""WA"",""street"":""929 108th Ave NE""}",(555) 689-8965,,,,/services/images/photo/0015500000jf4clAAA,,,,,,,,,,00555000004kgDgAAI,2020-04-11T00:17:13.000+0000,00555000004kgDgAAI,2020-04-11T00:17:13.000+0000,00555000004kgDgAAI,2020-04-11T00:17:13.000+0000,,2020-04-11T00:17:14.000+0000,2020-04-11T00:17:14.000+0000,,,Pending,,,,,,,,,
0015500000jf4cmAAA,,,Bea Nissen,Customer,,500 Boylston Street,Boston,MA,02116,USA,,,,"{""city"":""Boston"",""country"":""USA"",""geocodeAccuracy"":null,""latitude"":null,""longitude"":null,""postalCode"":""02116"",""state"":""MA"",""street"":""500 Boylston Street""}",500 Boylston Street,Boston,MA,02116,USA,,,,"{""city"":""Boston"",""country"":""USA"",""geocodeAccuracy"":null,""latitude"":null,""longitude"":null,""postalCode"":""02116"",""state"":""MA"",""street"":""500 Boylston Street""}",(555) 410-4324,,,,/services/images/photo/0015500000jf4cmAAA,,,,,,,,,,00555000004kgDgAAI,2020-04-11T00:17:13.000+0000,00555000004kgDgAAI,2020-04-11T00:17:13.000+0000,00555000004kgDgAAI,2020-04-11T00:17:13.000+0000,,2020-04-11T00:17:14.000+0000,2020-04-11T00:17:14.000+0000,,,Pending,,,,,,,,,
0015500000jf4cnAAA,,,Katherin Levett,Customer,,7139 Kilback Mountains,Antonito,CO,81120,USA,,,,"{""city"":""Antonito"",""country"":""USA"",""geocodeAccuracy"":null,""latitude"":null,""longitude"":null,""postalCode"":""81120"",""state"":""CO"",""street"":""7139 Kilback Mountains""}",7139 Kilback Mountains,Antonito,CO,81120,USA,,,,"{""city"":""Antonito"",""country"":""USA"",""geocodeAccuracy"":null,""latitude"":null,""longitude"":null,""postalCode"":""81120"",""state"":""CO"",""street"":""7139 Kilback Mountains""}",(555) 114-7056,,,,/services/images/photo/0015500000jf4cnAAA,,,,,,,,,,00555000004kgDgAAI,2020-04-11T00:17:13.000+0000,00555000004kgDgAAI,2020-04-11T00:17:13.000+0000,00555000004kgDgAAI,2020-04-11T00:17:13.000+0000,,2020-04-11T00:17:14.000+0000,2020-04-11T00:17:14.000+0000,,,Pending,,,,,,,,,
0015500000jf4coAAA,,,Reatha Kondracki,Customer,,1335 Madison St NE,Salem,OR,97301,USA,,,,"{""city"":""Salem"",""country"":""USA"",""geocodeAccuracy"":null,""latitude"":null,""longitude"":null,""postalCode"":""97301"",""state"":""OR"",""street"":""1335 Madison St NE""}",1335 Madison St NE,Salem,OR,97301,USA,,,,"{""city"":""Salem"",""country"":""USA"",""geocodeAccuracy"":null,""latitude"":null,""longitude"":null,""postalCode"":""97301"",""state"":""OR"",""street"":""1335 Madison St NE""}",(555) 252-4594,,,,/services/images/photo/0015500000jf4coAAA,,,,,,,,,,00555000004kgDgAAI,2020-04-11T00:17:13.000+0000,00555000004kgDgAAI,2020-04-11T00:17:13.000+0000,00555000004kgDgAAI,2020-04-11T00:17:13.000+0000,,2020-04-11T00:17:14.000+0000,2020-04-11T00:17:14.000+0000,,,Pending,,,,,,,,,
0015500000jf4cpAAA,,,Kendra Devaney,Customer,,400 Grant Ave,Duquesne,PA,15110,USA,,,,"{""city"":""Duquesne"",""country"":""USA"",""geocodeAccuracy"":null,""latitude"":null,""longitude"":null,""postalCode"":""15110"",""state"":""PA"",""street"":""400 Grant Ave""}",400 Grant Ave,Duquesne,PA,15110,USA,,,,"{""city"":""Duquesne"",""country"":""USA"",""geocodeAccuracy"":null,""latitude"":null,""longitude"":null,""postalCode"":""15110"",""state"":""PA"",""street"":""400 Grant Ave""}",(555) 861-5822,,,,/services/images/photo/0015500000jf4cpAAA,,,,,,,,,,00555000004kgDgAAI,2020-04-11T00:17:13.000+0000,00555000004kgDgAAI,2020-04-11T00:17:13.000+0000,00555000004kgDgAAI,2020-04-11T00:17:13.000+0000,,2020-04-11T00:17:14.000+0000,2020-04-11T00:17:14.000+0000,,,Pending,,,,,,,,,
0015500000jf4cqAAA,,,Wilhelmina Sanft,Customer,,6010 London Dr,Sunset Valley,TX,78745,USA,,,,"{""city"":""Sunset Valley"",""country"":""USA"",""geocodeAccuracy"":null,""latitude"":null,""longitude"":null,""postalCode"":""78745"",""state"":""TX"",""street"":""6010 London Dr""}",6010 London Dr,Sunset Valley,TX,78745,USA,,,,"{""city"":""Sunset Valley"",""country"":""USA"",""geocodeAccuracy"":null,""latitude"":null,""longitude"":null,""postalCode"":""78745"",""state"":""TX"",""street"":""6010 London Dr""}",(555) 643-7656,,,,/services/images/photo/0015500000jf4cqAAA,,,,,,,,,,00555000004kgDgAAI,2020-04-11T00:17:13.000+0000,00555000004kgDgAAI,2020-04-11T00:17:13.000+0000,00555000004kgDgAAI,2020-04-11T00:17:13.000+0000,,2020-04-11T00:17:14.000+0000,2020-04-11T00:17:14.000+0000,,,Pending,,,,,,,,,
0015500000jf4crAAA,,,Mitsuko Derobertis,Customer,,30208 Lookout Road,Paola,KS,66071,USA,,,,"{""city"":""Paola"",""country"":""USA"",""geocodeAccuracy"":null,""latitude"":null,""longitude"":null,""postalCode"":""66071"",""state"":""KS"",""street"":""30208 Lookout Road""}",30208 Lookout Road,Paola,KS,66071,USA,,,,"{""city"":""Paola"",""country"":""USA"",""geocodeAccuracy"":null,""latitude"":null,""longitude"":null,""postalCode"":""66071"",""state"":""KS"",""street"":""30208 Lookout Road""}",(555) 532-2846,,,,/services/images/photo/0015500000jf4crAAA,,,,,,,,,,00555000004kgDgAAI,2020-04-11T00:17:13.000+0000,00555000004kgDgAAI,2020-04-11T00:17:13.000+0000,00555000004kgDgAAI,2020-04-11T00:17:13.000+0000,,2020-04-11T00:17:14.000+0000,2020-04-11T00:17:14.000+0000,,,Pending,,,,,,,,,
0015500000jf4csAAA,,,Amos Sencabaugh,Customer,,8629 238th Road,Nortonville,KS,66060,USA,,,,"{""city"":""Nortonville"",""country"":""USA"",""geocodeAccuracy"":null,""latitude"":null,""longitude"":null,""postalCode"":""66060"",""state"":""KS"",""street"":""8629 238th Road""}",8629 238th Road,Nortonville,KS,66060,USA,,,,"{""city"":""Nortonville"",""country"":""USA"",""geocodeAccuracy"":null,""latitude"":null,""longitude"":null,""postalCode"":""66060"",""state"":""KS"",""street"":""8629 238th Road""}",(555) 751-5654,,,,/services/images/photo/0015500000jf4csAAA,,,,,,,,,,00555000004kgDgAAI,2020-04-11T00:17:13.000+0000,00555000004kgDgAAI,2020-04-11T00:17:13.000+0000,00555000004kgDgAAI,2020-04-11T00:17:13.000+0000,,2020-04-11T00:17:14.000+0000,2020-04-11T00:17:14.000+0000,,,Pending,,,,,,,,,
0015500000jf4ctAAA,,,Clint Moranville,Customer,,2084 Waelchi Road,Denton,MT,59430,USA,,,,"{""city"":""Denton"",""country"":""USA"",""geocodeAccuracy"":null,""latitude"":null,""longitude"":null,""postalCode"":""59430"",""state"":""MT"",""street"":""2084 Waelchi Road""}",2084 Waelchi Road,Denton,MT,59430,USA,,,,"{""city"":""Denton"",""country"":""USA"",""geocodeAccuracy"":null,""latitude"":null,""longitude"":null,""postalCode"":""59430"",""state"":""MT"",""street"":""2084 Waelchi Road""}",(555) 412-1949,,,,/services/images/photo/0015500000jf4ctAAA,,,,,,,,,,00555000004kgDgAAI,2020-04-11T00:17:13.000+0000,00555000004kgDgAAI,2020-04-11T00:17:13.000+0000,00555000004kgDgAAI,2020-04-11T00:17:13.000+0000,,2020-04-11T00:17:14.000+0000,2020-04-11T00:17:14.000+0000,,,Pending,,,,,,,,,
0015500000jf4cuAAA,,,Dominick Felice,Customer,,174 Unnamed Road,Youngstown,FL,32466,USA,,,,"{""city"":""Youngstown"",""country"":""USA"",""geocodeAccuracy"":null,""latitude"":null,""longitude"":null,""postalCode"":""32466"",""state"":""FL"",""street"":""174 Unnamed Road""}",174 Unnamed Road,Youngstown,FL,32466,USA,,,,"{""city"":""Youngstown"",""country"":""USA"",""geocodeAccuracy"":null,""latitude"":null,""longitude"":null,""postalCode"":""32466"",""state"":""FL"",""street"":""174 Unnamed Road""}",(555) 660-2282,,,,/services/images/photo/0015500000jf4cuAAA,,,,,,,,,,00555000004kgDgAAI,2020-04-11T00:17:13.000+0000,00555000004kgDgAAI,2020-04-11T00:17:13.000+0000,00555000004kgDgAAI,2020-04-11T00:17:13.000+0000,,2020-04-11T00:17:14.000+0000,2020-04-11T00:17:14.000+0000,,,Pending,,,,,,,,,
0015500000jf4cvAAA,,,Florentina Mankoski,Customer,,2550 Wasser Terrace,Herndon,VA,20171,USA,,,,"{""city"":""Herndon"",""country"":""USA"",""geocodeAccuracy"":null,""latitude"":null,""longitude"":null,""postalCode"":""20171"",""state"":""VA"",""street"":""2550 Wasser Terrace""}",2550 Wasser Terrace,Herndon,VA,20171,USA,,,,"{""city"":""Herndon"",""country"":""USA"",""geocodeAccuracy"":null,""latitude"":null,""longitude"":null,""postalCode"":""20171"",""state"":""VA"",""street"":""2550 Wasser Terrace""}",(555) 803-6925,,,,/services/images/photo/0015500000jf4cvAAA,,,,,,,,,,00555000004kgDgAAI,2020-04-11T00:17:13.000+0000,00555000004kgDgAAI,2020-04-11T00:17:13.000+0000,00555000004kgDgAAI,2020-04-11T00:17:13.000+0000,,2020-04-11T00:17:14.000+0000,2020-04-11T00:17:14.000+0000,,,Pending,,,,,,,,,
0015500000jf4cwAAA,,,Danica Roewe,Customer,,206 De Korra Ln,Wisconsin Dells,WI,53965,USA,,,,"{""city"":""Wisconsin Dells"",""country"":""USA"",""geocodeAccuracy"":null,""latitude"":null,""longitude"":null,""postalCode"":""53965"",""state"":""WI"",""street"":""206 De Korra Ln""}",206 De Korra Ln,Wisconsin Dells,WI,53965,USA,,,,"{""city"":""Wisconsin Dells"",""country"":""USA"",""geocodeAccuracy"":null,""latitude"":null,""longitude"":null,""postalCode"":""53965"",""state"":""WI"",""street"":""206 De Korra Ln""}",(555) 131-4717,,,,/services/images/photo/0015500000jf4cwAAA,,,,,,,,,,00555000004kgDgAAI,2020-04-11T00:17:13.000+0000,00555000004kgDgAAI,2020-04-11T00:17:13.000+0000,00555000004kgDgAAI,2020-04-11T00:17:13.000+0000,,2020-04-11T00:17:14.000+0000,2020-04-11T00:17:14.000+0000,,,Pending,,,,,,,,,
0015500000jf4cxAAA,,,Nicol Schwenck,Customer,,2012 Northern Plains Dr,Bismarck,ND,58504,USA,,,,"{""city"":""Bismarck"",""country"":""USA"",""geocodeAccuracy"":null,""latitude"":null,""longitude"":null,""postalCode"":""58504"",""state"":""ND"",""street"":""2012 Northern Plains Dr""}",2012 Northern Plains Dr,Bismarck,ND,58504,USA,,,,"{""city"":""Bismarck"",""country"":""USA"",""geocodeAccuracy"":null,""latitude"":null,""longitude"":null,""postalCode"":""58504"",""state"":""ND"",""street"":""2012 Northern Plains Dr""}",(555) 447-1141,,,,/services/images/photo/0015500000jf4cxAAA,,,,,,,,,,00555000004kgDgAAI,2020-04-11T00:17:13.000+0000,00555000004kgDgAAI,2020-04-11T00:17:13.000+0000,00555000004kgDgAAI,2020-04-11T00:17:13.000+0000,,2020-04-11T00:17:14.000+0000,2020-04-11T00:17:14.000+0000,,,Pending,,,,,,,,,
0015500000jf4cyAAA,,,Tammera Renze,Customer,,23 Browns Lake Road,Helmville,MT,59843,USA,,,,"{""city"":""Helmville"",""country"":""USA"",""geocodeAccuracy"":null,""latitude"":null,""longitude"":null,""postalCode"":""59843"",""state"":""MT"",""street"":""23 Browns Lake Road""}",23 Browns Lake Road,Helmville,MT,59843,USA,,,,"{""city"":""Helmville"",""country"":""USA"",""geocodeAccuracy"":null,""latitude"":null,""longitude"":null,""postalCode"":""59843"",""state"":""MT"",""street"":""23 Browns Lake Road""}",(555) 547-5648,,,,/services/images/photo/0015500000jf4cyAAA,,,,,,,,,,00555000004kgDgAAI,2020-04-11T00:17:13.000+0000,00555000004kgDgAAI,2020-04-11T00:17:13.000+0000,00555000004kgDgAAI,2020-04-11T00:17:13.000+0000,,2020-04-11T00:17:14.000+0000,2020-04-11T00:17:14.000+0000,,,Pending,,,,,,,,,
0015500000jf4czAAA,,,Shirlee Troxil,Customer,,206 De Korra Ln,Wisconsin Dells,WI,53965,USA,,,,"{""city"":""Wisconsin Dells"",""country"":""USA"",""geocodeAccuracy"":null,""latitude"":null,""longitude"":null,""postalCode"":""53965"",""state"":""WI"",""street"":""206 De Korra Ln""}",206 De Korra Ln,Wisconsin Dells,WI,53965,USA,,,,"{""city"":""Wisconsin Dells"",""country"":""USA"",""geocodeAccuracy"":null,""latitude"":null,""longitude"":null,""postalCode"":""53965"",""state"":""WI"",""street"":""206 De Korra Ln""}",(555) 851-4192,,,,/services/images/photo/0015500000jf4czAAA,,,,,,,,,,00555000004kgDgAAI,2020-04-11T00:17:13.000+0000,00555000004kgDgAAI,2020-04-11T00:17:13.000+0000,00555000004kgDgAAI,2020-04-11T00:17:13.000+0000,,2020-04-11T00:17:14.000+0000,2020-04-11T00:17:14.000+0000,,,Pending,,,,,,,,,
0015500000jf4d0AAA,,,Gilda Martinolli,Customer,,77820 Vineyard Canyon Road,San Miguel,CA,93451,USA,,,,"{""city"":""San Miguel"",""country"":""USA"",""geocodeAccuracy"":null,""latitude"":null,""longitude"":null,""postalCode"":""93451"",""state"":""CA"",""street"":""77820 Vineyard Canyon Road""}",77820 Vineyard Canyon Road,San Miguel,CA,93451,USA,,,,"{""city"":""San Miguel"",""country"":""USA"",""geocodeAccuracy"":null,""latitude"":null,""longitude"":null,""postalCode"":""93451"",""state"":""CA"",""street"":""77820 Vineyard Canyon Road""}",(555) 442-7615,,,,/services/images/photo/0015500000jf4d0AAA,,,,,,,,,,00555000004kgDgAAI,2020-04-11T00:17:13.000+0000,00555000004kgDgAAI,2020-04-11T00:17:13.000+0000,00555000004kgDgAAI,2020-04-11T00:17:13.000+0000,,2020-04-11T00:17:14.000+0000,2020-04-11T00:17:14.000+0000,,,Pending,,,,,,,,,
0015500000jf4d1AAA,,,Randy Strachan,Customer,,2084 Waelchi Road,Denton,MT,59430,USA,,,,"{""city"":""Denton"",""country"":""USA"",""geocodeAccuracy"":null,""latitude"":null,""longitude"":null,""postalCode"":""59430"",""state"":""MT"",""street"":""2084 Waelchi Road""}",2084 Waelchi Road,Denton,MT,59430,USA,,,,"{""city"":""Denton"",""country"":""USA"",""geocodeAccuracy"":null,""latitude"":null,""longitude"":null,""postalCode"":""59430"",""state"":""MT"",""street"":""2084 Waelchi Road""}",(555) 975-5029,,,,/services/images/photo/0015500000jf4d1AAA,,,,,,,,,,00555000004kgDgAAI,2020-04-11T00:17:13.000+0000,00555000004kgDgAAI,2020-04-11T00:17:13.000+0000,00555000004kgDgAAI,2020-04-11T00:17:13.000+0000,,2020-04-11T00:17:14.000+0000,2020-04-11T00:17:14.000+0000,,,Pending,,,,,,,,,
0015500000jf4d2AAA,,,Renee Foerschler,Customer,,111 West Illinois Street,Chicago,IL,60654,USA,,,,"{""city"":""Chicago"",""country"":""USA"",""geocodeAccuracy"":null,""latitude"":null,""longitude"":null,""postalCode"":""60654"",""state"":""IL"",""street"":""111 West Illinois Street""}",111 West Illinois Street,Chicago,IL,60654,USA,,,,"{""city"":""Chicago"",""country"":""USA"",""geocodeAccuracy"":null,""latitude"":null,""longitude"":null,""postalCode"":""60654"",""state"":""IL"",""street"":""111 West Illinois Street""}",(555) 701-3847,,,,/services/images/photo/0015500000jf4d2AAA,,,,,,,,,,00555000004kgDgAAI,2020-04-11T00:17:13.000+0000,00555000004kgDgAAI,2020-04-11T00:17:13.000+0000,00555000004kgDgAAI,2020-04-11T00:17:13.000+0000,,2020-04-11T00:17:14.000+0000,2020-04-11T00:17:14.000+0000,,,Pending,,,,,,,,,
0015500000jf4d3AAA,,,Muoi Bealmear,Customer,,542 Candido Hills,Miles City,MT,59301,USA,,,,"{""city"":""Miles City"",""country"":""USA"",""geocodeAccuracy"":null,""latitude"":null,""longitude"":null,""postalCode"":""59301"",""state"":""MT"",""street"":""542 Candido Hills""}",542 Candido Hills,Miles City,MT,59301,USA,,,,"{""city"":""Miles City"",""country"":""USA"",""geocodeAccuracy"":null,""latitude"":null,""longitude"":null,""postalCode"":""59301"",""state"":""MT"",""street"":""542 Candido Hills""}",(555) 893-1579,,,,/services/images/photo/0015500000jf4d3AAA,,,,,,,,,,00555000004kgDgAAI,2020-04-11T00:17:13.000+0000,00555000004kgDgAAI,2020-04-11T00:17:13.000+0000,00555000004kgDgAAI,2020-04-11T00:17:13.000+0000,,2020-04-11T00:17:14.000+0000,2020-04-11T00:17:14.000+0000,,,Pending,,,,,,,,,
0015500000jf4d4AAA,,,Lionel Zobell,Customer,,10 Bay Street,Toronto,ON,M5J 2R8,Canada,,,,"{""city"":""Toronto"",""country"":""Canada"",""geocodeAccuracy"":null,""latitude"":null,""longitude"":null,""postalCode"":""M5J 2R8"",""state"":""ON"",""street"":""10 Bay Street""}",10 Bay Street,Toronto,ON,M5J 2R8,Canada,,,,"{""city"":""Toronto"",""country"":""Canada"",""geocodeAccuracy"":null,""latitude"":null,""longitude"":null,""postalCode"":""M5J 2R8"",""state"":""ON"",""street"":""10 Bay Street""}",(555) 852-4616,,,,/services/images/photo/0015500000jf4d4AAA,,,,,,,,,,00555000004kgDgAAI,2020-04-11T00:17:13.000+0000,00555000004kgDgAAI,2020-04-11T00:17:13.000+0000,00555000004kgDgAAI,2020-04-11T00:17:13.000+0000,,2020-04-11T00:17:14.000+0000,2020-04-11T00:17:14.000+0000,,,Pending,,,,,,,,,
